{
    "admin": [
        "mid",
        "mid",
        "MID",
        "MID",
        "mid",
        "@H.L",
        "mid",
        "u413d2190912ef13df7ef071ac434501e",
        "u7eb01324f6833f1dcf483db68247261a",
        "u94072a1d27f34e404d05d802af783755"
    ],
    "blacklist": {},
    "bots": [],
    "mimic": {
        "copy": false,
        "status": false,
        "target": {}
    },
    "owners": [
        "ua10c2ad470b4b6e972954e1140ad1891",
        "uc338f8ef91292e65aea28feb5002d0f3",
        "u992a6e77041a772b8abd613ea64d4623",
        "u082d02c14136fbee10085352943b2977",
        "u462e74ad146751eef34e89e064d2c2e7",
        "u09f0ba02eb586836cca713e2ea5a44e6",
        "ub6ac06d7f7c5140d87ef0272afd70b9a"
    ],
    "s": {},
    "user": {
        "@H.L": 2,
        "MID": 2,
        "mid": 7,
        "u94072a1d27f34e404d05d802af783755": 1
    }
}